"NC,/jacksonville-to-fayetteville-movers"
"NC,/jacksonville-to-cary-movers"
"NC,/jacksonville-to-wilmington-movers"
"NC,/jacksonville-to-high-point-movers"
"NC,/jacksonville-to-greenville-nc-movers"
"NC,/jacksonville-to-charlotte-movers"
"NC,/jacksonville-to-raleigh-movers"
"NC,/jacksonville-to-greensboro-movers"
"NC,/jacksonville-to-durham-movers"
"SC,/jacksonville-to-charleston-movers"
"SC,/jacksonville-to-columbia-movers"
"SC,/jacksonville-to-north-charleston-movers"
"SC,/jacksonville-to-mount-pleasant-movers"
"SC,/jacksonville-to-rock-hill-movers"
"FL,/jacksonville-to-port-st-lucie-movers"
"FL,/jacksonville-to-cape-coral-movers"
"FL,/jacksonville-to-pembroke-pines-movers"
"FL,/jacksonville-to-davie-movers"
"FL,/jacksonville-to-boca-raton-movers"
"FL,/jacksonville-to-sunrise-movers"
"FL,/jacksonville-to-plantation-movers"
"FL,/jacksonville-to-fort-myers-movers"
"FL,/jacksonville-to-lakeland-movers"
"FL,/jacksonville-to-west-palm-beach-movers"
"FL,/jacksonville-to-palm-bay-movers"
"FL,/jacksonville-to-clearwater-movers"
"FL,/jacksonville-to-coral-springs-movers"
"FL,/jacksonville-to-gainesville-movers"
"FL,/jacksonville-to-miramar-movers"
"FL,/jacksonville-to-hollywood-movers"
"FL,/jacksonville-to-miami-movers"
"FL,/jacksonville-to-tampa-movers"
"FL,/jacksonville-to-orlando-movers"
"FL,/jacksonville-to-port-st-lucie-movers"
"FL,/jacksonville-to-st-petersburg-movers"
"FL,/jacksonville-to-cape-coral-movers"
"FL,/jacksonville-to-hialeah-movers"
"FL,/jacksonville-to-tallahassee-movers"
"FL,/jacksonville-to-fort-lauderdale-movers"
"FL,/jacksonville-to-pembroke-pines-movers"
"FL,/jacksonville-to-hollywood-movers"
"FL,/jacksonville-to-gainesville-movers"
"FL,/jacksonville-to-palm-bay-movers"
"FL,/jacksonville-to-miramar-movers"
"FL,/jacksonville-to-coral-springs-movers"
"FL,/jacksonville-to-west-palm-beach-movers"
"FL,/jacksonville-to-lakeland-movers"
"FL,/jacksonville-to-clearwater-movers"
"FL,/jacksonville-to-pompano-beach-movers"
"FL,/jacksonville-to-palm-coast-movers"
"FL,/jacksonville-to-miami-gardens-movers"
"FL,/jacksonville-to-davie-movers"
"FL,/jacksonville-to-fort-myers-movers"
"FL,/jacksonville-to-deltona-movers"
"FL,/jacksonville-to-boca-raton-movers"
"FL,/jacksonville-to-plantation-movers"
"FL,/jacksonville-to-north-port-movers"
"FL,/jacksonville-to-sunrise-movers"
"FL,/jacksonville-to-daytona-beach-movers"
"FL,/jacksonville-to-melbourne-movers"
"FL,/jacksonville-to-deerfield-beach-movers"
"FL,/jacksonville-to-kissimmee-movers"
"FL,/jacksonville-to-homestead-movers"
"FL,/jacksonville-to-largo-movers"
"FL,/jacksonville-to-boynton-beach-movers"
"FL,/jacksonville-to-doral-movers"
"FL,/jacksonville-to-miami-beach-movers"
"FL,/jacksonville-to-lauderhill-movers"
"FL,/jacksonville-to-tamarac-movers"
"FL,/jacksonville-to-ocala-movers"
"FL,/jacksonville-to-st-cloud-movers"
"FL,/jacksonville-to-weston-movers"
"FL,/jacksonville-to-sanford-movers"
"FL,/jacksonville-to-port-orange-movers"
"FL,/jacksonville-to-delray-beach-movers"
"FL,/jacksonville-to-apopka-movers"
"FL,/jacksonville-to-wellington-movers"
"FL,/jacksonville-to-winter-haven-movers"
"FL,/jacksonville-to-jupiter-movers"
"FL,/jacksonville-to-sarasota-movers"
"FL,/jacksonville-to-margate-movers"
"FL,/jacksonville-to-north-miami-movers"
"FL,/jacksonville-to-bradenton-movers"
"FL,/jacksonville-to-bonita-springs-movers"
"FL,/jacksonville-to-coconut-creek-movers"
"FL,/jacksonville-to-pinellas-park-movers"
"FL,/jacksonville-to-pensacola-movers"
"FL,/jacksonville-to-clermont-movers"
"FL,/jacksonville-to-country-club-movers"
"FL,/jacksonville-to-fort-pierce-movers"
"FL,/jacksonville-to-ocoee-movers"
"FL,/jacksonville-to-titusville-movers"
"AL,/jacksonville-to-huntsville-al-movers"
"AL,/jacksonville-to-birmingham-al-movers"
"AL,/jacksonville-to-montgomery-al-movers"
"AL,/jacksonville-to-mobile-al-movers"
"AL,/jacksonville-to-tuscaloosa-al-movers"
"AL,/jacksonville-to-hoover-al-movers"
"AL,/jacksonville-to-auburn-al-movers"
"AL,/jacksonville-to-dothan-al-movers"
"AL,/jacksonville-to-madison-al-movers"
"AL,/jacksonville-to-decatur-al-movers"
"GA,/jacksonville-to-atlanta-ga-movers"
"GA,/jacksonville-to-augusta-ga-movers"
"GA,/jacksonville-to-columbus-ga-movers"
"GA,/jacksonville-to-macon-ga-movers"
"GA,/jacksonville-to-savannah-ga-movers"
"GA,/jacksonville-to-athens-ga-movers"
"GA,/jacksonville-to-south-fulton-ga-movers"
"GA,/jacksonville-to-sandy-springs-ga-movers"
"GA,/jacksonville-to-roswell-ga-movers"
"GA,/jacksonville-to-warner-robins-ga-movers"
"GA,/jacksonville-to-johns-creek-ga-movers"
"GA,/jacksonville-to-alpharetta-ga-movers"
"GA,/jacksonville-to-albany-ga-movers"
"GA,/jacksonville-to-marietta-ga-movers"
"GA,/jacksonville-to-stonecrest-ga-movers"
"GA,/jacksonville-to-brookhaven-ga-movers"
"GA,/jacksonville-to-smyrna-ga-movers"
"GA,/jacksonville-to-valdosta-ga-movers"
"GA,/jacksonville-to-dunwoody-ga-movers"
"GA,/jacksonville-to-gainesville-ga-movers"
